source,reason,source_sha256
scripts/01_scrna_qc_reference_destvi/code_st_annotation_0411.R,mixed historical notebook / rendering; not a clean upstream pipeline,144985bc30af194b35d713c90e9e8d69518ca3ccf52d56c2887aa457da515261
scripts/01_scrna_qc_reference_destvi/mouse_scRNA_labeling_figure1.R,mixed historical notebook / rendering; not a clean upstream pipeline,f31554f9603b8fcd3f7ef4af15ae71d38ce4a2e627d0f1d972a6f7748fa0e4e6
scripts/01_scrna_qc_reference_destvi/step100_destvi_perslide_ndrdr.py,"older, alternate or overlapping implementation; not selected as canonical",72a52d18e52dd92d700dca0abeab8f522824029e3e00742f4f182e34f9b9381d
scripts/01_scrna_qc_reference_destvi/step101_destvi_meta_consistency.py,"older, alternate or overlapping implementation; not selected as canonical",cb598e2c68b6f3c69e894e47f763f01c73c49f3976ff8d81d4362aeef194cb8a
scripts/01_scrna_qc_reference_destvi/step104_vessel_deconv.py,"older, alternate or overlapping implementation; not selected as canonical",932985cde97329430e0b62290057dc442df07015d9d8d4c790c8578d2c581c21
scripts/02_scissor_transfer/run_all.sh,legacy execution order; replaced by method-order guide,11c0ff0032c8dcc0206b654a7e7c9ea5681b68a3ea3e1b3499fbff8ec052a922
scripts/02_scissor_transfer/run_flip.sh,legacy execution order; replaced by method-order guide,58b1dd101569f7be8fc73582aa7c2888d709ec0b30fd22e1592ed98ad6002f59
scripts/02_scissor_transfer/step23_grpr_scissor_stats.py,"older, alternate or overlapping implementation; not selected as canonical",854b493a90bb18758b6ba9141760f52cf7f59faa1f76d34532ad1b3799a8bb8d
scripts/02_scissor_transfer/step51_kegg_gsea.R,"older, alternate or overlapping implementation; not selected as canonical",06c661ceb16d8a236f0bd0c318338083489cd9405e085d2f8c2cff4ac7ccf7b8
scripts/02_scissor_transfer/step53_scissor_pooled_spatial.py,"older, alternate or overlapping implementation; not selected as canonical",c25391e8ab6d2a52ea747269ba59e490fce27fe684eee8b9daad689f0b2dec80
scripts/02_scissor_transfer/step55_consistency_spatial.py,"older, alternate or overlapping implementation; not selected as canonical",e421b39c4f5e14d6f08c9daf40f8b7e463eee3fb75ee9e23e9ebabe877a4a23a
scripts/02_scissor_transfer/step57b_alpha_opt_par.R,"older, alternate or overlapping implementation; not selected as canonical",98ec82eb11bcc40bce25d245ffbd91c530d6456ed28d3157259ce133c8eeb3e6
scripts/02_scissor_transfer/step72b_gsva_fixed.R,"older, alternate or overlapping implementation; not selected as canonical",5a3dbacca13733bda7f49bd5a94216d01055f006a99089abb5cdf89c33049a17
scripts/02_scissor_transfer/step81_m5_composite.py,"older, alternate or overlapping implementation; not selected as canonical",ce5b225fb89871711762b626cdf8d9997769cdbf325cc8a2d5fe995241d87cab
scripts/02_scissor_transfer/step95_quadrant_outputs.py,"older, alternate or overlapping implementation; not selected as canonical",f0647514a5effa43691aa0c5423d0f5a581a3b19b97eb0f3516e558c38382829
scripts/03_functional_gsva_roc/step72_gsva_panel_fix.py,rendering/layout/export workflow or superseded mixed version,af489b24a8e92bf655ebc875abae53a94639718a9db306e520becf716a2d9d3b
scripts/03_functional_gsva_roc/step79_mem_exh.py,"older, alternate or overlapping implementation; not selected as canonical",b511446340919bd15f9d049fcdbd29e84fcd21a42cbf5f0b9949e2869a40a2aa
scripts/03_functional_gsva_roc/step95_quadrant_outputs.py,"older, alternate or overlapping implementation; not selected as canonical",f0647514a5effa43691aa0c5423d0f5a581a3b19b97eb0f3516e558c38382829
scripts/04_mib_perivascular_ortholog_cibersort/step27_perivasc_zones.py,"older, alternate or overlapping implementation; not selected as canonical",cb14ef81fb21a7f34066b1490aa3758fb6371b2f12ba9583935f201ac2da764c
scripts/04_mib_perivascular_ortholog_cibersort/step29_ccr1_perivasc.py,"older, alternate or overlapping implementation; not selected as canonical",bc724ace007f990a285198b49565bdaf160063c84345385e96240fcc5f572593
scripts/04_mib_perivascular_ortholog_cibersort/step64_mib_ndr_allspots.py,"older, alternate or overlapping implementation; not selected as canonical",233f1a2e05f440d3b6847c8a76a6d7d9f82f876c5cbdf77af68790db6acc44d8
scripts/04_mib_perivascular_ortholog_cibersort/step65_grpr_transfer.py,"older, alternate or overlapping implementation; not selected as canonical",98bb0250f50d4a7cbc8767a00b8fc9a3e7ec189086568a05f8b1aa41bed0f138
scripts/04_mib_perivascular_ortholog_cibersort/step66_mib_v1_rings.py,"older, alternate or overlapping implementation; not selected as canonical",73b0a2a07509eca6897148e3d48cdf3b4a6943ebac4f937c77c5e44523bda864
scripts/04_mib_perivascular_ortholog_cibersort/step68_grpr_doublehigh.py,"older, alternate or overlapping implementation; not selected as canonical",6e8aa58d3516d58ecfc7ff40558c5fb5dd841bd9fb2a7a564ee0b4bd2f8734c0
scripts/05_neighbourhood_families/step103_myeloid_caf_forest.py,rendering/layout/export workflow or superseded mixed version,d89f1b42362cfb31b1a24e2ddba6c09ac4dae406a6aa1e5ed25a5ec6088f4d42
scripts/05_neighbourhood_families/step34_k5_neighbourhood.py,"older, alternate or overlapping implementation; not selected as canonical",cf9ff16b069f161e7eda832960c422d4b8b5b186d6a8c34514f18af79d53b687
scripts/05_neighbourhood_families/step50_man1a1mac_caf.py,outside retained CCR1 myeloid–CAF workflow,328f820e226e5c1e89f7ef3df6dfeaa4fd0ef236fe2663357598e04ffb03bf5a
scripts/05_neighbourhood_families/step51_man1a1mac_caf_map.py,outside retained CCR1 myeloid–CAF workflow,a44767157bf333920de0740dab2fa0403269460f6cf0dc7179858ed1145db283
scripts/05_neighbourhood_families/step56_destvi_coloc.py,"older, alternate or overlapping implementation; not selected as canonical",0fe55e93baf8cc577a62226b42f71c31335bf3dcc7273d8885157aac1d36a955
scripts/05_neighbourhood_families/step56b_coloc_nichev1.py,"older, alternate or overlapping implementation; not selected as canonical",10042e89fbf2862891c0f57594f9e7da2b847d2b63329de4abe819301b6aa13f
scripts/05_neighbourhood_families/step56c_coloc_stratified.py,"older, alternate or overlapping implementation; not selected as canonical",795d0ffe5510d09fe879c17d609dbedfbf820d4f04e40d47e5b9c5a7183a6b7a
scripts/05_neighbourhood_families/step65_kcurves_noA7229.py,"older, alternate or overlapping implementation; not selected as canonical",c1c304b4e9adaf0bbf7d90820645bbb02d16cdad7a650e2779f342e06f302a68
scripts/05_neighbourhood_families/step66_kcurves_bh.py,"older, alternate or overlapping implementation; not selected as canonical",4bd03adc5e76bf07712c584406ce1d44cfa048fdae107cddd261449c336cd2f1
scripts/05_neighbourhood_families/step68_spot_level_tests.py,"older, alternate or overlapping implementation; not selected as canonical",a1fbdd896732cd7515df7abf3f567d97b739e4ec7f5785cbfd8f7f7cff91f0a1
scripts/05_neighbourhood_families/step92_ring_groups.py,"older, alternate or overlapping implementation; not selected as canonical",911f907a2880283d4e3dab2f4a096b16140c9d95163afe195925aa8a93d2d0ae
scripts/06_fourier_spatial_scale/step11_fourier.py,"older, alternate or overlapping implementation; not selected as canonical",ab03381d720dd933572e5e0f1fe9098932607d4516e2cf00103e29c1970b3654
scripts/06_fourier_spatial_scale/step12_slice_level.py,"older, alternate or overlapping implementation; not selected as canonical",cb6816560218b561ffce224c2fa6955d847f8863485f9aabbd40cad8e03cfcc8
scripts/06_fourier_spatial_scale/step97_fourier_rawp.py,"older, alternate or overlapping implementation; not selected as canonical",0b2ca76c0fdf468b13bcc86dce7f267ac1f8c8a217b5ba0ab4d95f23e47c834b
scripts/07_clinical_section_gsea/step101_pervimib_de_enrich.R,"older, alternate or overlapping implementation; not selected as canonical",557bb39bcd1cb35aba4ca6125780d44b86055359b080e986cd08644ebfdb0df3
scripts/07_clinical_section_gsea/step104b_fibrosis.R,"older, alternate or overlapping implementation; not selected as canonical",f106eafc196dc4133142717f7c99670d5b53bfdaa5b74628ebec363d48db6730
scripts/07_clinical_section_gsea/step106a_spotlevel_logfc.py,"older, alternate or overlapping implementation; not selected as canonical",6cf053fccfdd5033552eec09a24d97757b7cebed69c634fe258057bc6bac594e
scripts/07_clinical_section_gsea/step106b_spotlevel_gsea.R,"older, alternate or overlapping implementation; not selected as canonical",27c2d9899234cfcf1447fa0bde0d15478d0e45aa3e78e1e4b171e83072e6aa21
scripts/07_clinical_section_gsea/step108a_spotlevel_strat.py,"older, alternate or overlapping implementation; not selected as canonical",a9c3886eda8f7ad61118ad5b50d6c72c2552b1b8be3e55db15eb47ae73610898
scripts/07_clinical_section_gsea/step108b_gsea_strat.R,"older, alternate or overlapping implementation; not selected as canonical",19905148c77d26d1714a810e8f09344451614077ab505ba35556c46dc1e456a9
scripts/07_clinical_section_gsea/step108c_pseudobulk_adjtime_gsea.R,"older, alternate or overlapping implementation; not selected as canonical",fd4f3d2c0db9cd73c241694e7a7e1d24e395ff333f126a702c2cd456806c617a
scripts/08_mics_imaging/batch_mics_to_h5ad_08.py,"older, alternate or overlapping implementation; not selected as canonical",e6742f3d0699289c4806ee1ae1568032673cb20d1c3917c3fc13e0bf3419ae38
scripts/09_survival_pancancer/cox_components.R,"older, alternate or overlapping implementation; not selected as canonical",cf2fe43e9bd39d4d104e1e31366b7afaccbcfe40259e58ca58a78a2b5c226890
scripts/09_survival_pancancer/run_CCR1TAM_coloc_risk.py,"older, alternate or overlapping implementation; not selected as canonical",7956639b2a1bd3e53ee08cac8ef1ba78ef8a1609dca041c339c72ae8576a8604
scripts/09_survival_pancancer/run_CCR1TAM_composition_survival.py,"older, alternate or overlapping implementation; not selected as canonical",496f6cde45229c0770f67d0d0bca91f7ee0e27d12de5ca729b840c54c2b47326
scripts/09_survival_pancancer/run_CCR1TAM_neighbourhood.py,"older, alternate or overlapping implementation; not selected as canonical",3705cd520b5750c5656c638f74ac0e2cac384e7a0b10bd5622d940e098faa15f
scripts/09_survival_pancancer/run_MIB_analysis.py,"older, alternate or overlapping implementation; not selected as canonical",e0522a8e5d0cfdd837c21d0b80aeb962de36420fe66618da073e12f57916f9b7
scripts/09_survival_pancancer/run_MIB_myeloid_survival.py,"older, alternate or overlapping implementation; not selected as canonical",d0528b1600fa8259918078f3e39f32456a7b33820f6bde35c9c4941226218437
scripts/09_survival_pancancer/run_pvMIB_analysis.py,"older, alternate or overlapping implementation; not selected as canonical",07c31d9aa4dce6fc8250d272aa54b81ab7de9a46033979c2bf711043c0d26f46
scripts/09_survival_pancancer/step03_multivar_cox.R,"older, alternate or overlapping implementation; not selected as canonical",2718347ea88219da582b13bda4c7fd681cbcf50adf220a4124b9d5e705260221
scripts/09_survival_pancancer/step04_stage_lm22_km.R,"older, alternate or overlapping implementation; not selected as canonical",ababaabda245c4b88603ceb083343e324b7c110e26544c534d09788b444131ef
scripts/09_survival_pancancer/step05_stage_stratified_lm22.R,"older, alternate or overlapping implementation; not selected as canonical",3d8a755a2a65003983b03a605cfe13021bbadbfe117638689a657d01154f8071
scripts/09_survival_pancancer/step06_pubstyle_km_forest.R,rendering/layout/export workflow or superseded mixed version,1d0ad27953cc936b3f973d1b049095322fde44ffeafb59fbf897b25f9c86f062
scripts/09_survival_pancancer/step07_adjusted_km.R,"older, alternate or overlapping implementation; not selected as canonical",faa5fcff212579ae2b07ca690b1f9f37d8d27a54588c4423206a1bbd56b613d2
scripts/09_survival_pancancer/step59b_mib_prognosis_km.R,"older, alternate or overlapping implementation; not selected as canonical",4cb4c71b94428eb910e7e20421a7ab32fdbdd59537d640c0db7dcb6c8e498493
scripts/09_survival_pancancer/step62_pervimib_cox.R,"older, alternate or overlapping implementation; not selected as canonical",83a2822f435d43f1cf117154a2682bec3a6a20cc1999f4aaf38f3853f5a064c2
scripts/09_survival_pancancer/step63_mouse_aligned_cox.R,"older, alternate or overlapping implementation; not selected as canonical",9612fc75f0578f7044fb9597fc42eacf4c7d1b8a6db7aa1abc522218b9b4c6d7
scripts/09_survival_pancancer/step64_cart_response_km.R,"older, alternate or overlapping implementation; not selected as canonical",5bc5ea4e554dea49cf31690d2ebbc6232fd143443952183a6d79ccb7b03c1fc6
scripts/09_survival_pancancer/step84_forest_bin50_survival.R,rendering/layout/export workflow or superseded mixed version,8a5855edcd4fd90e7d76091b2aa2893c38d0362929ce33b3d093b317b3804cca
scripts/09_survival_pancancer/step85_forest_bin50_pfs.R,rendering/layout/export workflow or superseded mixed version,ee0f815a4598c640226fdd0d3aed03d99e4462b818e9aba59412596d5f85aba4
scripts/09_survival_pancancer/step86_forest_bin50_hr_gt1.R,rendering/layout/export workflow or superseded mixed version,e13a49cdaf2cc05833b81c7b18af1a3fcaa5fb54a10fe8b0fb52de9ab63d6c74
scripts/10_tables_export/build_tables.py,rendering/layout/export workflow or superseded mixed version,5b05c5565a820749fd2e1f533d1ac67994116ab789236f2d2d4f6e543d98ef20
scripts/10_tables_export/pack_code.py,rendering/layout/export workflow or superseded mixed version,30ec6cedf39193e02a216e358e5fc1c3f9abbd05d5e0a081f27da64309c683fe
scripts/11_upstream_bulk_assembly_author_repo/run_reliability_test.R,"older, alternate or overlapping implementation; not selected as canonical",15bfcc1b63b09398c9e1ca9fe57344370bc097f58f5299554a9158fef0580a6d
scripts/11_upstream_bulk_assembly_author_repo/scissor_gsva_homologene.R,"older, alternate or overlapping implementation; not selected as canonical",5ba72d053afddd680573e08ce41232c30a0c63faf39fac28885bd9ec1035942c
scripts/11_upstream_bulk_assembly_author_repo/scissor_human.R,"older, alternate or overlapping implementation; not selected as canonical",707fa20c01789f9c82204a86fa6f42fcb3032c0c7db067061dc3a70c3427ac36
scripts/11_upstream_bulk_assembly_author_repo/scissor_human_validation.R,"older, alternate or overlapping implementation; not selected as canonical",cdbfb6a06d401d633fd2ccad408b691f7ff5bb50e333b3af2611cdef31513e4b
scripts/11_upstream_bulk_assembly_author_repo/scissor_revision.R,"older, alternate or overlapping implementation; not selected as canonical",fb9ac8c358d7179a866fb29d90176fa06d6f14a2ef982aaf5dc7ae055e96962c
scripts/11_upstream_bulk_assembly_author_repo/scissor_validation.R,"older, alternate or overlapping implementation; not selected as canonical",9e71e697a5d8477461c485248fb3aba517d97f246d1ef19973a2816b27dd6252
scripts/12_grpr_m5_region_gsea_panels/gsea/step03_gseaplot_style.R,rendering/layout/export workflow or superseded mixed version,1a1747d333dbaf94c49cbdc070d578e4cb1191274d548e1b1e250ad87ac0c5d5
scripts/12_grpr_m5_region_gsea_panels/gsea/step04_verify_style.py,rendering/layout/export workflow or superseded mixed version,d7119e172407d85ba062f73ca343fefb0a7266c6f3925a71b38d0b4cee923aff
scripts/12_grpr_m5_region_gsea_panels/gsea/step05_check_text_overlap.py,rendering/layout/export workflow or superseded mixed version,b878292a380381de04d3f5e41b0959f8c36f0f82af52484c5b7a04f99e195225
scripts/12_grpr_m5_region_gsea_panels/niche_knn/step02_panelI_fig.py,rendering/layout/export workflow or superseded mixed version,e2243b29ca2452c57501f2e796f09ea11b7ca0fb3fafea2ce105d489bed9f40f
scripts/12_grpr_m5_region_gsea_panels/niche_knn/step03_verify_permutation.py,"older, alternate or overlapping implementation; not selected as canonical",c4d6f399685aeec5d410221cedfa8bba5ed00b8ef5bb62129913a6f5f98f9c4e
scripts/12_grpr_m5_region_gsea_panels/niche_knn/step04_nr1_clusters910.py,"older, alternate or overlapping implementation; not selected as canonical",a84d827e755c3d5d0a9e7fecf66aa8f44e1c9e8643a4ba3cf9779838ab721690
scripts/12_grpr_m5_region_gsea_panels/niche_knn/step05_ccr1mye_high.py,"older, alternate or overlapping implementation; not selected as canonical",2ccba09e2805c7ad692eac61da940e4416a20dc9751c61bcd8c3d24f70d0168f
scripts/12_grpr_m5_region_gsea_panels/niche_knn/step06_tamc_caf_coloc.py,"older, alternate or overlapping implementation; not selected as canonical",ddc4e6b553051bb381ef4abbede5ee2638b1dc82dad805891c3073dfbbeceb53
scripts/12_grpr_m5_region_gsea_panels/panels/_layout_check.py,"older, alternate or overlapping implementation; not selected as canonical",2d1387aceb71d7bf8dafa2ba34ad23f29f89e7c8120f0523bc9ea6a5b712a188
scripts/12_grpr_m5_region_gsea_panels/panels/step02_panels_CD.py,rendering/layout/export workflow or superseded mixed version,dad653243d197558b8665b83765e0e82d73bf67ebd2b500d5a9bf14d6d36ecc0
scripts/12_grpr_m5_region_gsea_panels/panels/step03b_panels_EF.py,rendering/layout/export workflow or superseded mixed version,59db4d534153ea147f51cc60b5c6532744b493f2766b1f2f2328d9184427cbd2
scripts/12_grpr_m5_region_gsea_panels/panels/step04_merge.py,rendering/layout/export workflow or superseded mixed version,901c417a25910c8fa40170096c9f8795c540c3c0239fdd06698758c47fff127c
scripts/12_grpr_m5_region_gsea_panels/region/_layout_check.py,"older, alternate or overlapping implementation; not selected as canonical",2d1387aceb71d7bf8dafa2ba34ad23f29f89e7c8120f0523bc9ea6a5b712a188
scripts/12_grpr_m5_region_gsea_panels/region/step02_panelI_he_fov.py,rendering/layout/export workflow or superseded mixed version,2c83ea3a0606c0f653d4d0b1a7e08ab9a0e5e6995133853b43202f8ccafb957a
scripts/12_grpr_m5_region_gsea_panels/region/step03_panelJ_region_bars.py,rendering/layout/export workflow or superseded mixed version,25bb58d7906e136c13bcc5dabd404be4524d5a88d1c00aee91f36cf30391c61d
scripts/12_grpr_m5_region_gsea_panels/region/step05_panelK_grpr_by_region.py,rendering/layout/export workflow or superseded mixed version,b6df947d45f7bbc9f96c1bc1b2755b71a0e551b782488471989d54dbf35acc53
scripts/12_grpr_m5_region_gsea_panels/region/step06_cross_section_figs.py,rendering/layout/export workflow or superseded mixed version,5ed105c5dcf4c02cac64e2767e00f6ceee09b13ba3bb10b8b3c834bd4595e690
scripts/12_grpr_m5_region_gsea_panels/region/step08_tam_caf_coloc_figs.py,rendering/layout/export workflow or superseded mixed version,8bf69e63ed548fae3b24da0354b6cebfc5c5d000703eb078216ee5613c80ca85
scripts/12_grpr_m5_region_gsea_panels/region/step10_tam_caf_simultaneous_figs.py,rendering/layout/export workflow or superseded mixed version,d1c4b3c47cd38b394a10556734b5af140c5bb0f56238b6c3aad3eff54b1715bc
scripts/12_grpr_m5_region_gsea_panels/region/step11_simultaneous_by_region_figs.py,rendering/layout/export workflow or superseded mixed version,47f91d8c8bf2bc5527ca0b20ae57712cd2fe0ec3e4f12054c4d9d1d45e8f3131
scripts/12_grpr_m5_region_gsea_panels/run_all.sh,legacy execution order; replaced by method-order guide,4f78ca71d6159be90682aeda398e0451224d01503589b6dc99dc86beaac5460d
scripts/13_carpos_hvg_gsva_kmeans_grpr/step05_task2_grpr_region.py,legacy grouping/TME diagnostics or alternate implementation; not required by retained current calculations,2ece2dc406b5172b9316b9c715ea7cae9676257bb7bb474e1cf3d726197f5066
scripts/13_carpos_hvg_gsva_kmeans_grpr/step10_consistency.py,legacy grouping/TME diagnostics or alternate implementation; not required by retained current calculations,a69a1cb4db1dc17cf96f548d9caf12d0354b7733975304ff0f0e7009abc78091
scripts/13_carpos_hvg_gsva_kmeans_grpr/step13_car_spatial_fig.py,standalone spatial rendering; not an analysis entry point,2d3537a562d75c1a4d596f36444f3b2557156961478780b34475f7af862a44dc
scripts/13_carpos_hvg_gsva_kmeans_grpr/step14_tme_carpos.py,legacy grouping/TME diagnostics or alternate implementation; not required by retained current calculations,bc0dda9d95d3518c14213a577f9182635a95f83ad79636d05d91de9618fd6d29
scripts/13_carpos_hvg_gsva_kmeans_grpr/step15_tme_concordant.py,legacy grouping/TME diagnostics or alternate implementation; not required by retained current calculations,a4aeee861d1676bbe5efa4f4754ef4251a38743a4d4e73f922da3cec30dc5520
scripts/13_carpos_hvg_gsva_kmeans_grpr/step16_myeloid_subsets.py,legacy grouping/TME diagnostics or alternate implementation; not required by retained current calculations,98943bc3deb843e90923818aea29dd6b895e3e29576d43bb189b77c54c741416
scripts/13_carpos_hvg_gsva_kmeans_grpr/step19_marker_downstream.py,legacy grouping/TME diagnostics or alternate implementation; not required by retained current calculations,e9ed75e84804bdf2b290399beebc2a69757b161da15495469fc9d4e7cf9e08fe
scripts/13_carpos_hvg_gsva_kmeans_grpr/step20_scrna_subtype.py,legacy grouping/TME diagnostics or alternate implementation; not required by retained current calculations,ea1f8692613ad2d05c1a49b259ae510bce9d2e6e8b203d92edd0368540d97430
scripts/13_carpos_hvg_gsva_kmeans_grpr/step36_tcell_adjusted_kmeans.py,legacy grouping/TME diagnostics or alternate implementation; not required by retained current calculations,a789cdd318db9c70b828441a62bf632e89e20196aa7408769bb6b8b7ed079609
scripts/13_carpos_hvg_gsva_kmeans_grpr/step37_size_balanced_grpr.py,legacy grouping/TME diagnostics or alternate implementation; not required by retained current calculations,d9bdc42ac661ae738982e36ad69beddc5ca32a0508ca22bd57c8b5a821f83029
scripts/13_carpos_hvg_gsva_kmeans_grpr/step41_independent_clustering.py,legacy grouping/TME diagnostics or alternate implementation; not required by retained current calculations,10827fcd43584f321550b80752244b8f08e86a96443665fd04d4f9f78283a40b
scripts/13_carpos_hvg_gsva_kmeans_grpr/step42_hvg_cluster_grpr.py,legacy grouping/TME diagnostics or alternate implementation; not required by retained current calculations,84c13b27a67ee36a806cde6fc876e31fab36971e4be771394ff9e29c16da311f
scripts/13_carpos_hvg_gsva_kmeans_grpr/step43_hvg_within_cluster_grpr.py,legacy grouping/TME diagnostics or alternate implementation; not required by retained current calculations,7993625e3788af518f4460bd150bad4c7fb8aaf6c5c640813350eb764866ba4d
scripts/13_carpos_hvg_gsva_kmeans_grpr/step44_tcell_confound_grpr.py,legacy grouping/TME diagnostics or alternate implementation; not required by retained current calculations,e8574f3b355838d527684be29dcc024063e6e55e9eb6191dc00dd1ee4deea34e
scripts/13_carpos_hvg_gsva_kmeans_grpr/step45_carpos_hvg_batch.py,legacy grouping/TME diagnostics or alternate implementation; not required by retained current calculations,1d9ba66a70ed98de564bf360b1163176186a8a7d13ac85fcb7f60e98378ca3e3
scripts/13_carpos_hvg_gsva_kmeans_grpr/step46_harmony_grpr_define.py,legacy grouping/TME diagnostics or alternate implementation; not required by retained current calculations,2215893726545cbf4e06ff4e9412604bb8c24d8ebbca3a65c2f46f38f14135cb
scripts/13_carpos_hvg_gsva_kmeans_grpr/step47_batch_decision.py,legacy grouping/TME diagnostics or alternate implementation; not required by retained current calculations,b953a7875784d169d18915713fa9cda283f093be6b36a1994e48daf0e3482dfa
scripts/13_carpos_hvg_gsva_kmeans_grpr/step73_repro_yourgsva.py,legacy grouping/TME diagnostics or alternate implementation; not required by retained current calculations,df4e0f170f0ebc89ae53fc59e1afdac3ab66bb41a8b5e097c33ce19ba163e6a8
scripts/13_carpos_hvg_gsva_kmeans_grpr/step74_norm_effect.py,legacy grouping/TME diagnostics or alternate implementation; not required by retained current calculations,2e10b5982a416c2a4ff63f5d9bdef65c6b88a80062d96525d2215f7a7dd18880
scripts/13_carpos_hvg_gsva_kmeans_grpr/step75_repro_count_metric.py,legacy grouping/TME diagnostics or alternate implementation; not required by retained current calculations,d04f282136745c68b171cb9f7fb4c2ed2aa6ee184f8a349a0abba5b09555a829
scripts/13_carpos_hvg_gsva_kmeans_grpr/step76_27genes_ndrdr.py,legacy grouping/TME diagnostics or alternate implementation; not required by retained current calculations,617e1cf69f91dc004bf3184adc567e97846bf02e621e2970dda134454dab4e5b
scripts/14_spatial_cnv_tumor_region/step28_man1a_caf_coloc.py,alternate MAN1A analysis outside retained CCR1 workflow,7c638ebbf67709fa1dd3d30cda14e71b85ad02a94a7df33cad04ccedb306b444
scripts/14_spatial_cnv_tumor_region/step31_lym_downstream.py,alternate lymphoma/100-200 um niche analysis; not consumed by current region workflow,71f8fd764d2fb0f1e9d6edcde3438e09a27f35595829889f8fe178da8c0a8aa8
