source,release,source_sha256,release_sha256,action
scripts/01_scrna_qc_reference_destvi/step4b_cnv_infercnv.R,analysis/01_reference_annotation/step4b_cnv_infercnv.R,3b423fa27366b6595db04cf9e4588383c5b310508b8c04b6484849675e012453,3b423fa27366b6595db04cf9e4588383c5b310508b8c04b6484849675e012453,retain
scripts/01_scrna_qc_reference_destvi/step4c_cnv_verdict.R,analysis/01_reference_annotation/step4c_cnv_verdict.R,8e8927d12c4cee4932da5271df5b66e5dbba07fbc63680d4657d10f056de75c5,8e8927d12c4cee4932da5271df5b66e5dbba07fbc63680d4657d10f056de75c5,retain
scripts/01_scrna_qc_reference_destvi/step10_st_annotate.py,analysis/01_reference_annotation/step10_st_annotate.py,922a9e786aafacbd85c57a7507e496bc4c4f241b7e5c7de736cb2a4f8f24b502,f3e2b5c877f98207f8dadf85c12946bd7b0e3bc288db65307ed4e99dbdabf476,retain calculation; remove rendering
scripts/02_scissor_transfer/step02_car_cutoff.py,analysis/02_scissor/step02_car_cutoff.py,ef2907b62d092b94ccf95dd056fab56c3abe110917b134e1a32f2e377bfbb70d,a1b39c7084eb1e73f2e030f1910bf6eebdbb60ac9b22e333e23652a580284e5a,retain calculation; remove rendering
scripts/02_scissor_transfer/step52_scissor_pooled.R,analysis/02_scissor/step52_scissor_pooled.R,b55f05eb7cc6f21f933271078b8517431f45294b4703fb2a618b54885171b285,1d91c5a7062caac2cba6e688f28107fcf13a396b5c900cabc4f67b2c8916a3c4,retain calculation; remove rendering
scripts/02_scissor_transfer/step53b_sparse_labels.py,analysis/02_scissor/step53b_sparse_labels.py,62ca365ce78b870a063a579f908899cd0c7744bafc0bf6b8ea18da8a0f3692f3,43f1445c6a10e599b6988e59f180ff6de18d1f6a7d6178d8484a66596ab60b98,retain calculation; remove rendering
scripts/02_scissor_transfer/step21_scissor_pooled_auc.py,analysis/02_scissor/step21_scissor_pooled_auc.py,ecf0fb419ea5253965679f3ebb6e8f09370ca0ea8c4ef9260b500f34265a555d,1449ec37232049d26e840b96bfa1425e71bab9c6951c5c32c2400784b586318e,retain calculation; remove rendering
scripts/02_scissor_transfer/step22_reverse_auc.py,analysis/02_scissor/step22_reverse_auc.py,893f5780ed027fcc1a86df2f52f072e03b4076647fb811b8c382fae740ffd0c8,60643199de8444471a03d2150e2af8a62bc7bd2ad4117da7dbac64d6d9430fa0,retain calculation; remove rendering
scripts/02_scissor_transfer/step57_alpha_opt.R,analysis/02_scissor/step57_alpha_opt.R,08d35b8f07c6959bad2b3333cce10e4ee2bb62f1e5249f5c0f0a5e5c38eab2a0,40decde6107ae06968015151385fd2fb91d51ab25d3df404338400d39093c372,retain calculation; remove rendering
scripts/02_scissor_transfer/step91_alpha_auc_full.R,analysis/02_scissor/step91_alpha_auc_full.R,008c4319ac075ac4caf7494960aaacf467746a4725b797f86e31b03ea1f7a620,414cc0b46f9595c565e3887928e0143ba1a40f0799c201237607a46c1f769bb0,retain calculation; remove rendering
scripts/11_upstream_bulk_assembly_author_repo/scissor_meta_preprocess.R,analysis/02_scissor/scissor_meta_preprocess.R,60b5c6e42f8b8002235a616f6c9add07937d4d3677746c0bd02363863d9b4bd7,fd249cda36550e404a7062c9cb0223490255e8f0ba93c3b4aeddd1d3c1f041f7,retain calculation; remove rendering
scripts/02_scissor_transfer/step54a_dump_msigdb.R,analysis/03_functional_states/step54a_dump_msigdb.R,738d3d695f40375128f6eef822ec84494d85b78a8b90ca3c96b640ee9acc0ae2,738d3d695f40375128f6eef822ec84494d85b78a8b90ca3c96b640ee9acc0ae2,retain
scripts/02_scissor_transfer/step54b_gsva.R,analysis/03_functional_states/step54b_gsva.R,1121c5917956e8fbd6879f435fcaa9c5094e0f695425103e7986c599d4569c53,1121c5917956e8fbd6879f435fcaa9c5094e0f695425103e7986c599d4569c53,retain
scripts/02_scissor_transfer/step58_ml_predict_grpr.py,analysis/03_functional_states/step58_ml_predict_grpr.py,43ed3402c0e219430dd2aeb595893fab22444ff7d6d5ba4d6bcc2346d40c014d,86b7c344f13e6c5a95e507ca96e43c662c7e36b9324ae89e46990c5e734c177f,retain calculation; remove rendering
scripts/02_scissor_transfer/step78a_dump_c7.R,analysis/03_functional_states/step78a_dump_c7.R,278f5c32047004490bca5c22a1ef1916abdc1238ec1dde1a9c8c339996548335,278f5c32047004490bca5c22a1ef1916abdc1238ec1dde1a9c8c339996548335,retain
scripts/03_functional_gsva_roc/step54_gsva_grpr_v2.py,analysis/03_functional_states/step54_gsva_grpr_v2.py,b4bd9499b9550b3c0c969af3dbe5b13369f8a76a39a8c78434d2b15b092b4c35,de8ef93efed69b518612ec0e826de2e9b48eac81e9ba117f78aff4edcb4663ae,retain calculation; remove rendering
scripts/03_functional_gsva_roc/step78_clinical_gsva.py,analysis/03_functional_states/step78_clinical_gsva.py,fb7da86ca8bb36b224c00da1a9df59d4c34dcef5a3a6b5480796e9ff6fb5d9b7,874303d9233131c3d24763d46194c70fb13cd45eaa8504d3120a5fe6c6190af9,retain calculation; remove rendering
scripts/03_functional_gsva_roc/step78b_clinical_gsva_run.py,analysis/03_functional_states/step78b_clinical_gsva_run.py,84b4fb8a1c45e45ef3dd93e62449c276ade084f46af054acac754207c841d505,0a92e1c24b585cc8f4a6798f4c7efa497ea5f6ce03f92833023937405656bfe3,retain calculation; remove rendering
scripts/03_functional_gsva_roc/step82_mem_exh_final.py,analysis/03_functional_states/step82_mem_exh_final.py,a793b63f02f2c97b9f7a2719f8cf9861b5e2557acb904f5ac1f789ef37080d3e,4df0a52d0a3d87c1e7d5629d44b7593965275ed5787d43e279cec532651d34b6,retain calculation; remove rendering
scripts/03_functional_gsva_roc/step93_auc_in_mib.py,analysis/03_functional_states/step93_auc_in_mib.py,4e154064c1ad9b95f03f416763246d3a5d7f0b41ad231e9b3bd3ef530a0804e4,a5b6d0dd24b7645a4bc1ad0fbe9cc8b4cd7886d38cdfa610999e81e973ad8644,retain calculation; remove rendering
scripts/03_functional_gsva_roc/step93b_auc_cross.py,analysis/03_functional_states/step93b_auc_cross.py,6136ad03f372248723a216f1367dd0690ecdb7712cdbc824937479f02c324618,a04e05472fe94cfde2cbfe62ed7ffffc8c85fe73c27cf7a2c8e20d48c62d7992,retain calculation; remove rendering
scripts/03_functional_gsva_roc/step94_auc_per_slide.py,analysis/03_functional_states/step94_auc_per_slide.py,7b6a58cb882eda7720dfa1714ce07981bb524582930e6883ef2d884dce0478b2,cc08b3e4ffc856830c32aadbcdb1b3ec1335cc8fdf818ea3fe464b2cb6a94479,retain calculation; remove rendering
scripts/06_fourier_spatial_scale/step96_fourier_m5_mib.py,analysis/04_fourier/step96_fourier_m5_mib.py,4579de0b423fa57aa744f9b760008bfec5e68a29d610472c41b7b2f97c882d9e,7ce4c2a428287008b6d7806a8ed508a37bf1381374440ab04c367aab9899177e,retain calculation; remove rendering
scripts/01_scrna_qc_reference_destvi/step102_pervimib_deconv.py,analysis/05_mib_definitions/step102_pervimib_deconv.py,7863b6767ee3b0bf82c1ea693d778773a6ec13a9af7ae988e3d030f637ad4999,b4128246f492c0c0804e5a7473518596c015098716cadf9ee1d1f57ef9dd2863,retain calculation; remove rendering
scripts/04_mib_perivascular_ortholog_cibersort/step60_mib_mouse_aligned.py,analysis/05_mib_definitions/step60_mib_mouse_aligned.py,946e6ee2832f5a3e41a164feb24b30740cf7f9f4a007c989508392977a65230d,2b31f64c990606201cba50cc811cbaf657dd798d6db236544aef980800eab83a,retain calculation; remove rendering
scripts/04_mib_perivascular_ortholog_cibersort/step62_ring_mib_v1.py,analysis/05_mib_definitions/step62_ring_mib_v1.py,d471e703ca5e026f31a18909196a338cd04c3a0ccf3bc42916e1ef24dee041e0,faa21fdbc1fbdb9cc1e7f9ec25531c4c4c99619d757af6977f02f6fe5b4d1739,retain calculation; remove rendering
scripts/04_mib_perivascular_ortholog_cibersort/step103_mib_definition_agreement.py,analysis/05_mib_definitions/step103_mib_definition_agreement.py,d6dde4ecb0ab392c62675c7a8d604ce2df3330d805147ca34cebefcd1e195547,ad5e5977c8670fa8495e8f6e5d1b3b356849e20b371685d97645eb34bb2b83f9,retain calculation; remove rendering
scripts/04_mib_perivascular_ortholog_cibersort/run_cibersort_stnr.R,analysis/05_mib_definitions/run_cibersort_stnr.R,328db36f352e0ce8dece6f41ac4a2856a51547a11da2f3a6acbec03ef4ab28f9,328db36f352e0ce8dece6f41ac4a2856a51547a11da2f3a6acbec03ef4ab28f9,retain
scripts/04_mib_perivascular_ortholog_cibersort/step105b_cibersort_pancancer.R,analysis/05_mib_definitions/step105b_cibersort_pancancer.R,19723302218cfcb92187a60292a12c85eb4a8cd2a748a2ed20285fe3abf45d4a,b3d9097b9d9860ff5b045319319a63745dea0dd4f775000f8764cf14fe3b37c1,retain pseudobulk component scoring/ranking; omit historical stage/race Cox/rendering
scripts/05_neighbourhood_families/step13_ccr1_coloc.py,analysis/06_spatial_neighbourhood/step13_ccr1_coloc.py,aaab64e40faa05d8c6c06dc38beb688970f866582794419fc3cc9acbb5779946,6f06aa5a78ef4c2099783cc13ceed5406ab8dfb24f124b919e2120e8a7b80e95,retain clinical spot-table preparation only; remove superseded statistics/rendering
scripts/05_neighbourhood_families/step61_neighbour_rings.py,analysis/06_spatial_neighbourhood/step61_neighbour_rings.py,c50e7c4a1f74ab0dc82a2a221904ae2a63822afb3ad4794eeadb8056da5c7182,1c0e1f20413e1cb23767fd1138fc5959ad0b5449b28f4dbe4d6ac84e1d1cd3b1,retain calculation; remove rendering
scripts/05_neighbourhood_families/step114_perivasc_perm_test_en1000.py,analysis/06_spatial_neighbourhood/step114_perivasc_perm_test_en1000.py,afda3ea7da80d0c0478359851630fda65b6e6de31ea17c1bbe5345afe87bbe5e,ff04409de3cea9d8c90a1289d17dc523c7b638c877d6469ae02a6df9d0dc29e7,retain calculation; remove rendering
scripts/05_neighbourhood_families/step102_myeloid_caf_coloc_fig.py,analysis/06_spatial_neighbourhood/step102_myeloid_caf_coloc_fig.py,dfffc79f04ba372be318327b948ac2a111de73fbdd1bb178d8c707e09c9a071a,926f94f3d85e5857c5e988f8f987b2516455893db1237dc2cada7784c0b81061,retain calculation; remove rendering
scripts/12_grpr_m5_region_gsea_panels/region/step01_region_define_stats.py,analysis/06_spatial_neighbourhood/step01_region_define_stats.py,21383c1ebb313a942466f2b3bf1a011bc4e8ae24fb6ed8d334f2b37de19195ca,e42f88235cc370e641f5e348d02f0bc49513f6dd754ab34aa5b3a0a00508efe3,retain calculation; remove rendering
scripts/12_grpr_m5_region_gsea_panels/region/step04_grpr_by_region_stats.py,analysis/06_spatial_neighbourhood/step04_grpr_by_region_stats.py,151d022d9cef565e36d1aeaa38a66f096b2877ecac4211b723ef9e2c8a057ebd,4f6e56557a5debb3e982a41063827a4ffa6661b4e377572cf1a0a97362fab7bc,retain calculation; remove rendering
scripts/12_grpr_m5_region_gsea_panels/region/step07_grpr_tam_caf_coloc.py,analysis/06_spatial_neighbourhood/step07_grpr_tam_caf_coloc.py,688959cfbbdaafb745502862b818aa82c6dc3624d41d6b54c41c80c273f3852c,b1faf7369d6e53a6a4d17bba86c5be7fa26d450c6830c7dab6d38b0d4cc6a6e7,retain calculation; remove rendering
scripts/12_grpr_m5_region_gsea_panels/region/step09_grpr_tam_caf_simultaneous.py,analysis/06_spatial_neighbourhood/step09_grpr_tam_caf_simultaneous.py,cd342dd6cd8a38b8c9c1a4bc2e259fd3bcca07bb1029d6a26f713630a630b0fe,f305135927ba7f7f28fbb609397008ab029e7e1af4cfb8dd0414ff6564287715,retain calculation; remove rendering
scripts/12_grpr_m5_region_gsea_panels/niche_knn/step01_nr1_panelI_knn.py,analysis/06_spatial_neighbourhood/step01_nr1_panelI_knn.py,856741870ddcfedb84db24a5a1cda233dc299f85d62a60f30f5d07e19969639d,d4cd8e779f277ccb0c25c02cd5d79d9014dbe75be1a3c79622b9654415f06be8,retain calculation; remove rendering
scripts/12_grpr_m5_region_gsea_panels/panels/step01_prep_data.py,analysis/07_functional_correlations_gsea/step01_prep_data.py,66c13969012b33cb3ca3494882bd55e84753b60764bacf452c303c6e1f6379f9,64b5f5cac4dc1750221faf43ca13b48598b05ef88c33e3b96222fc32d0611f54,retain calculation; remove rendering
scripts/12_grpr_m5_region_gsea_panels/panels/step05_score_correlation_suite.py,analysis/07_functional_correlations_gsea/step05_score_correlation_suite.py,d4a9a7495d289a379f4bc2a3a245ebb48ebda5fbbeb406bb434bcf89a46d6db9,368fb3ae6cd9fe86950749d4102926f8046e47c5256de619882b475fdbcbf0c7,retain calculation; remove rendering
scripts/12_grpr_m5_region_gsea_panels/panels/step76_blocks.py,analysis/07_functional_correlations_gsea/step76_blocks.py,3c0a7101af4feb528c120771fb4a479473b580ab5c0a9e857eccdb22a577d2bb,d06af99dd23a91f844d4b619a887d09e9427a83bade3806b2a4d195de1a3e1cc,retain calculation; remove rendering
scripts/12_grpr_m5_region_gsea_panels/gsea/step01_nr1r1_rank.py,analysis/07_functional_correlations_gsea/step01_nr1r1_rank.py,b69986ffe39a2b03c256e316a167ff37a7e90f08b252f74920361464d5ce6fa7,d10d7d1bcf331d21782e3bc5467350e8af2898694aa5cff7a2735ae9abc42b13,retain calculation; remove rendering
scripts/12_grpr_m5_region_gsea_panels/gsea/step02_tcell_gsea.R,analysis/07_functional_correlations_gsea/step02_tcell_gsea.R,aeaef751a0cb80b32863d6adfba74a1cd742d214fec21037b22870944063c499,b48a8141d92cda33a57c88f95d60acef55db540dc2bf3c60488868dbfde50dcf,retain calculation; remove rendering
scripts/08_mics_imaging/batch_mics_to_h5ad.py,analysis/08_imaging_conversion/batch_mics_to_h5ad.py,7cdb6089cc0202f92fc1719ba2caf24f4802396204c9cf6bb79a2cb99f6fb1a5,bf3e465473ab1a0700e7027ec4a7086c7c614635ef3001b76570de2d1f8514e8,retain calculation; remove rendering
scripts/01_scrna_qc_reference_destvi/step105a_mibdestvi_pseudobulk.py,analysis/09_clinical_pseudobulk_gsea/step105a_mibdestvi_pseudobulk.py,fc1fd67b04feaae9866fbee197f3fde9989cf3fcdff03ad99cba8034bf925b5a,5df47dbb5592c65e19c9a74fb9bd6da0d6c0b256221b3b21ed489eba06edb1ea,retain calculation; remove rendering
scripts/07_clinical_section_gsea/step100_pervimib_pseudobulk.py,analysis/09_clinical_pseudobulk_gsea/step100_pervimib_pseudobulk.py,974bbb99af144aefa2f8b01e9a5f66d6cf95690f37c3d013636f0feac55751b3,9deccfce05a230a094df5b3ab7b0d7a2fa04e170bc72b089484bab7021739900,retain calculation; remove rendering
scripts/07_clinical_section_gsea/step101c_pervimib_de_only.R,analysis/09_clinical_pseudobulk_gsea/step101c_pervimib_de_only.R,ae45facaa58a37d5d1ea1c062e5782aa6fadf4206254a49df0185c44889bc2e9,ae45facaa58a37d5d1ea1c062e5782aa6fadf4206254a49df0185c44889bc2e9,retain
scripts/07_clinical_section_gsea/step101b_pervimib_enrich.R,analysis/09_clinical_pseudobulk_gsea/step101b_pervimib_enrich.R,6ea80de47543f7d10e5e0f79905b766fb84a2902cafb6a7e93793adb238c49fb,2d4c08eed37b7c5c6f9317f9af2c069f1a4902a4ef71c45b5fad6e9833df9317,retain calculation; remove rendering
scripts/09_survival_pancancer/step83a_export_survival_exposure.py,analysis/10_survival/step83a_export_survival_exposure.py,8f782936916bea8305215a096d85520c84224c42d6faefd5eda5eb1aea242d1a,7b14daa1568eb90e6c1bf6f16d71dec78feb0c61e508cb9c250ecc861152b5b3,retain calculation; remove rendering
scripts/09_survival_pancancer/step83b_survival.R,analysis/10_survival/step83b_survival.R,617ad4b9ca890bfd59e11bdf8893058f73135deaafffcf7a5787033b6870b540,611df5abeea4630bf232525b08222c515e426c2b392045415e874f463790cd69,retain calculation; remove rendering
scripts/09_survival_pancancer/survival_km_cox.R,analysis/10_survival/survival_km_cox.R,b8108a725931dbfce870d62d1f8f5bfaba2462c06d4f083efe20bfa47d7b6e69,f94bd3c054623a24de90427f07edf4dfc2b60fa9dc699f72aa3fbc401c813f85,retain calculation; remove rendering
scripts/09_survival_pancancer/survival_tests_generic.R,analysis/10_survival/survival_tests_generic.R,7c395a6f21be2ab06801dcc38b0b3899a15e558429b42f1102805d61b91f2607,5fb71860458ad4e838e7a230446939947a62f5a62adb965b112e72540be65d0d,retain calculation; remove rendering
scripts/09_survival_pancancer/step02_pancancer_survival.R,analysis/10_survival/step02_pancancer_survival.R,5e6dc9bcf6d14e41a8d407306e958cc775153118714eea1feb87e63acbd6ffbf,2f736eb7980e312a4add7ce1a49e6ba30627d88c90e54dce10989a1a5e416c34,retain calculation; remove rendering
scripts/12_grpr_m5_region_gsea_panels/region/step12_perivascular_summary_fig.py,analysis/06_spatial_neighbourhood/step12_perivascular_enrichment.py,83ad37196b985f59c8594b5720e800091ba82d7ede7736f1901be63c826f871d,574183ab7101b53e28ea51c240cca731137e81fb6c94fadbbc00137227f1ce8e,extract exact section-wise enrichment calculation; omit rendering
scripts/14_spatial_cnv_tumor_region/step00_raw_car_counts.py,analysis/01_spatial_cnv_regions/step00_raw_car_counts.py,9ab022c685c03b44c6fabada208fa9b3d7ffc919e77fa55d036fad1ad5d82d23,511e73c8f50221b16bbf5d5bc6fb281557fed4834d0cb0a4236e5862cd459967,v2 addition: retain original calculation; omit rendering
scripts/14_spatial_cnv_tumor_region/step01_build_spot_master.py,analysis/01_spatial_cnv_regions/step01_build_spot_master.py,f71182adf81793c10eca0bf3ba07408cc4bf9b908e302f8f141210c2df67d70f,a4301c0a3dc0a568ee94d5b0d551e79436a76f9b911efe301a92e51da0242f51,v2 addition: preserve master calculation; export matching spot order for Scissor input
scripts/14_spatial_cnv_tumor_region/step03_region_annot.py,analysis/01_spatial_cnv_regions/step03_region_annot.py,37b8919f79fa27e2ead4b80405edc4b4e1d7a1652466dc2b041c88ad4f8c0fa9,ecf48c78fb2daa4ed7d2e8d71839f276c8ef0c35bf441a82c39528257ba2481b,v2 addition: retain original calculation; omit rendering
scripts/03_functional_gsva_roc/step04_gsva_grpr.py,analysis/03_functional_states/legacy_dependencies/step04_gsva_grpr.py,9f98ccd40c328e4ef76239a15dd4b10da3af52c32cbdbdec624beff0a863f072,28c1ccb3df8c75fc40fea6f2e7ffa2561d0ba1b2fbc548877e711c4a2ded0c42,v2 addition: retain original calculation; omit rendering
scripts/13_carpos_hvg_gsva_kmeans_grpr/step17_kmeans_grpr.py,analysis/03_functional_states/legacy_dependencies/step17_kmeans_grpr.py,b443d0c5ec4d024e5ee9faa64f417ad2adf9bc5f701119bf6e08ae02ecaf6a9d,58accd01a3d84996e2eb433c7a5bdac900491b733c3afcf9b86892f777826aa0,v2 addition: retain original calculation; omit rendering
scripts/13_carpos_hvg_gsva_kmeans_grpr/step18_marker_scores.py,analysis/03_functional_states/legacy_dependencies/step18_marker_scores.py,c7e6cfa526a03fe9a97087962b4af8342b483843dc9ccaf8907884d0fac56b08,aac19519e5df17f14180d3fc47865c2f9cebc3dccea12388cf93675b6aa391a2,v2 addition: retain original calculation; omit rendering
scripts/13_carpos_hvg_gsva_kmeans_grpr/step48_final_labels.py,analysis/03_functional_states/legacy_dependencies/step48_final_labels.py,0170825961c7abbe7fa1b3dde4c7df3ef671fb4b5a088be2cda61c4f4d21b414,e1a613a26b49a9749b6c333462e3d31329955e48e38fbdc2e5b3badf6c4399f2,v2 addition: retain original calculation; omit rendering
scripts/13_carpos_hvg_gsva_kmeans_grpr/step09_car_proportions.py,analysis/06_spatial_neighbourhood/step09_car_proportions.py,90e0f89b829920d678b696a81efd41a4616e2a01c9f39c3d14d75c0266688ea4,446ef9d237cc567c258c86726c6527a6666d70094c570749514dbb8324f833cb,v2 addition: preserve statistics; explicitly load original legacy GRPR_sample sidecar
scripts/14_spatial_cnv_tumor_region/step32_niche_v2.py,analysis/05_mib_definitions/step32_niche_v2.py,f210f2460176e0874d497af63cdadc0c70d7a54ae0c9ffef2b285baf3dff4b2d,c3f6a54ee30b1103741a2bd653e4b5ea6870730bd761821d333d0f5b16b19e28,v2 addition: retain original calculation; omit rendering
scripts/02_scissor_transfer/step06_scissor_coefs.R,analysis/02_scissor/step06_scissor_coefs.R,6d0991fc1770298f4cb1cb198341e13361778031b9ad5533a9ce46c164f0c68e,6d0991fc1770298f4cb1cb198341e13361778031b9ad5533a9ce46c164f0c68e,v2 addition: retain original calculation; omit rendering
scripts/02_scissor_transfer/step07_task3_scissor.py,analysis/02_scissor/step07_task3_scissor.py,d6f1a6a418b0f2e80e41f0a0e99da528516244ca5fb9becf16f24dd72b18e36f,2e4ab66f0992c4ef766e2dc9d37e36b4c8a161ae0cb844448bc30969bd39f5fd,v2 restored dependency: retain integrated-table preparation; exclude historical tests
src/common.py,src/common.py,d9ceeed4983d13587f7f741c78787d3f4c2dc3be61d40eb4175cb7132af21145,2f067cdac4c6d5477bd06c3e178c34cfe126255d59cba49bbcc6b67ad19bd829,v2 addition: retain original calculation; omit rendering
