previous_path,current_path
analysis/01_reference_annotation/step10_st_annotate.py,analysis/01_reference_annotation/st_annotate.py
analysis/01_reference_annotation/step4b_cnv_infercnv.R,analysis/01_reference_annotation/cnv_infercnv.R
analysis/01_reference_annotation/step4c_cnv_verdict.R,analysis/01_reference_annotation/cnv_verdict.R
analysis/01_spatial_cnv_regions/step00_raw_car_counts.py,analysis/01_spatial_cnv_regions/raw_car_counts.py
analysis/01_spatial_cnv_regions/step01_build_spot_master.py,analysis/01_spatial_cnv_regions/build_spot_master.py
analysis/01_spatial_cnv_regions/step03_region_annot.py,analysis/01_spatial_cnv_regions/region_annot.py
analysis/02_scissor/step02_car_cutoff.py,analysis/02_scissor/car_cutoff.py
analysis/02_scissor/step06_scissor_coefs.R,analysis/02_scissor/scissor_coefs.R
analysis/02_scissor/step07_task3_scissor.py,analysis/02_scissor/prepare_scissor_spot_table.py
analysis/02_scissor/step21_scissor_pooled_auc.py,analysis/02_scissor/scissor_pooled_auc.py
analysis/02_scissor/step22_reverse_auc.py,analysis/02_scissor/reverse_auc.py
analysis/02_scissor/step52_scissor_pooled.R,analysis/02_scissor/scissor_pooled.R
analysis/02_scissor/step53b_sparse_labels.py,analysis/02_scissor/sparse_labels.py
analysis/02_scissor/step57_alpha_opt.R,analysis/02_scissor/alpha_opt.R
analysis/02_scissor/step91_alpha_auc_full.R,analysis/02_scissor/alpha_auc_full.R
analysis/03_functional_states/legacy_dependencies/step04_gsva_grpr.py,analysis/03_functional_states/legacy_dependencies/gsva_grpr.py
analysis/03_functional_states/legacy_dependencies/step17_kmeans_grpr.py,analysis/03_functional_states/legacy_dependencies/kmeans_grpr.py
analysis/03_functional_states/legacy_dependencies/step18_marker_scores.py,analysis/03_functional_states/legacy_dependencies/marker_scores.py
analysis/03_functional_states/legacy_dependencies/step48_final_labels.py,analysis/03_functional_states/legacy_dependencies/final_labels.py
analysis/03_functional_states/step54_gsva_grpr_v2.py,analysis/03_functional_states/gsva_grpr_v2.py
analysis/03_functional_states/step54a_dump_msigdb.R,analysis/03_functional_states/dump_msigdb.R
analysis/03_functional_states/step54b_gsva.R,analysis/03_functional_states/gsva.R
analysis/03_functional_states/step58_ml_predict_grpr.py,analysis/03_functional_states/ml_predict_grpr.py
analysis/03_functional_states/step78_clinical_gsva.py,analysis/03_functional_states/clinical_gsva.py
analysis/03_functional_states/step78a_dump_c7.R,analysis/03_functional_states/dump_c7.R
analysis/03_functional_states/step78b_clinical_gsva_run.py,analysis/03_functional_states/clinical_gsva_run.py
analysis/03_functional_states/step82_mem_exh_final.py,analysis/03_functional_states/mem_exh_final.py
analysis/03_functional_states/step93_auc_in_mib.py,analysis/03_functional_states/auc_in_mib.py
analysis/03_functional_states/step93b_auc_cross.py,analysis/03_functional_states/auc_cross.py
analysis/03_functional_states/step94_auc_per_slide.py,analysis/03_functional_states/auc_per_slide.py
analysis/04_fourier/step96_fourier_m5_mib.py,analysis/04_fourier/fourier_m5_mib.py
analysis/05_mib_definitions/step102_pervimib_deconv.py,analysis/05_mib_definitions/pervimib_deconv.py
analysis/05_mib_definitions/step103_mib_definition_agreement.py,analysis/05_mib_definitions/mib_definition_agreement.py
analysis/05_mib_definitions/step105b_cibersort_pancancer.R,analysis/05_mib_definitions/cibersort_pancancer.R
analysis/05_mib_definitions/step32_niche_v2.py,analysis/05_mib_definitions/niche_v2.py
analysis/05_mib_definitions/step60_mib_mouse_aligned.py,analysis/05_mib_definitions/mib_mouse_aligned.py
analysis/05_mib_definitions/step62_ring_mib_v1.py,analysis/05_mib_definitions/ring_mib_v1.py
analysis/06_spatial_neighbourhood/step01_nr1_panelI_knn.py,analysis/06_spatial_neighbourhood/nr1_panel_knn_analysis.py
analysis/06_spatial_neighbourhood/step01_region_define_stats.py,analysis/06_spatial_neighbourhood/region_define_stats.py
analysis/06_spatial_neighbourhood/step04_grpr_by_region_stats.py,analysis/06_spatial_neighbourhood/grpr_by_region_stats.py
analysis/06_spatial_neighbourhood/step07_grpr_tam_caf_coloc.py,analysis/06_spatial_neighbourhood/grpr_tam_caf_coloc.py
analysis/06_spatial_neighbourhood/step09_car_proportions.py,analysis/06_spatial_neighbourhood/car_proportions.py
analysis/06_spatial_neighbourhood/step09_grpr_tam_caf_simultaneous.py,analysis/06_spatial_neighbourhood/grpr_tam_caf_simultaneous.py
analysis/06_spatial_neighbourhood/step102_myeloid_caf_coloc_fig.py,analysis/06_spatial_neighbourhood/myeloid_caf_colocalization_statistics.py
analysis/06_spatial_neighbourhood/step114_perivasc_perm_test_en1000.py,analysis/06_spatial_neighbourhood/perivascular_permutation_test.py
analysis/06_spatial_neighbourhood/step12_perivascular_enrichment.py,analysis/06_spatial_neighbourhood/perivascular_enrichment.py
analysis/06_spatial_neighbourhood/step13_ccr1_coloc.py,analysis/06_spatial_neighbourhood/ccr1_coloc.py
analysis/06_spatial_neighbourhood/step61_neighbour_rings.py,analysis/06_spatial_neighbourhood/neighbour_rings.py
analysis/07_functional_correlations_gsea/step01_nr1r1_rank.py,analysis/07_functional_correlations_gsea/nr1r1_rank.py
analysis/07_functional_correlations_gsea/step01_prep_data.py,analysis/07_functional_correlations_gsea/prep_data.py
analysis/07_functional_correlations_gsea/step02_tcell_gsea.R,analysis/07_functional_correlations_gsea/tcell_gsea.R
analysis/07_functional_correlations_gsea/step05_score_correlation_suite.py,analysis/07_functional_correlations_gsea/score_correlation_suite.py
analysis/07_functional_correlations_gsea/step76_blocks.py,analysis/07_functional_correlations_gsea/blocks.py
analysis/09_clinical_pseudobulk_gsea/step100_pervimib_pseudobulk.py,analysis/09_clinical_pseudobulk_gsea/pervimib_pseudobulk.py
analysis/09_clinical_pseudobulk_gsea/step101b_pervimib_enrich.R,analysis/09_clinical_pseudobulk_gsea/pervimib_enrich.R
analysis/09_clinical_pseudobulk_gsea/step101c_pervimib_de_only.R,analysis/09_clinical_pseudobulk_gsea/pervimib_de_only.R
analysis/09_clinical_pseudobulk_gsea/step105a_mibdestvi_pseudobulk.py,analysis/09_clinical_pseudobulk_gsea/mibdestvi_pseudobulk.py
analysis/09_clinical_pseudobulk_gsea/step108c_pseudobulk_adjtime_gsea.R,analysis/09_clinical_pseudobulk_gsea/pseudobulk_adjtime_gsea.R
analysis/10_survival/step02_pancancer_survival.R,analysis/10_survival/pancancer_survival.R
analysis/10_survival/step83a_export_survival_exposure.py,analysis/10_survival/export_survival_exposure.py
analysis/10_survival/step83b_survival.R,analysis/10_survival/survival.R
